-- MySQL dump 10.13  Distrib 8.0.28, for Linux (x86_64)
--
-- Host: localhost    Database: gestion_scolaire
-- ------------------------------------------------------
-- Server version	8.0.28-0ubuntu0.20.04.3

/*!40101 SET @OLD_CHARACTER_SET_CLIENT=@@CHARACTER_SET_CLIENT */;
/*!40101 SET @OLD_CHARACTER_SET_RESULTS=@@CHARACTER_SET_RESULTS */;
/*!40101 SET @OLD_COLLATION_CONNECTION=@@COLLATION_CONNECTION */;
/*!50503 SET NAMES utf8mb4 */;
/*!40103 SET @OLD_TIME_ZONE=@@TIME_ZONE */;
/*!40103 SET TIME_ZONE='+00:00' */;
/*!40014 SET @OLD_UNIQUE_CHECKS=@@UNIQUE_CHECKS, UNIQUE_CHECKS=0 */;
/*!40014 SET @OLD_FOREIGN_KEY_CHECKS=@@FOREIGN_KEY_CHECKS, FOREIGN_KEY_CHECKS=0 */;
/*!40101 SET @OLD_SQL_MODE=@@SQL_MODE, SQL_MODE='NO_AUTO_VALUE_ON_ZERO' */;
/*!40111 SET @OLD_SQL_NOTES=@@SQL_NOTES, SQL_NOTES=0 */;

--
-- Table structure for table `ac`
--

DROP TABLE IF EXISTS `ac`;
/*!40101 SET @saved_cs_client     = @@character_set_client */;
/*!50503 SET character_set_client = utf8mb4 */;
CREATE TABLE `ac` (
  `id` int NOT NULL,
  PRIMARY KEY (`id`),
  CONSTRAINT `FK_E98478FBBF396750` FOREIGN KEY (`id`) REFERENCES `personne` (`id`) ON DELETE CASCADE
) ENGINE=InnoDB DEFAULT CHARSET=utf8mb4 COLLATE=utf8mb4_unicode_ci;
/*!40101 SET character_set_client = @saved_cs_client */;

--
-- Dumping data for table `ac`
--

LOCK TABLES `ac` WRITE;
/*!40000 ALTER TABLE `ac` DISABLE KEYS */;
INSERT INTO `ac` VALUES (3606),(3607),(3608),(3609),(3610),(3611),(3612),(3613),(3614),(3615),(3616),(3617),(3618),(3619),(3620),(3621),(3622),(3623),(3624),(3625),(3626),(3627),(3628),(3629),(3630),(3631),(3632),(3633),(3634),(3635),(3636),(3637),(3638),(3639),(3640),(3641),(3642),(3643),(3644),(3645),(3646),(3647),(3648),(3649),(3650),(3651),(3652),(3653),(3654),(3655),(3656),(3657),(3658),(3659),(3660),(3661),(3662),(3663),(3664),(3665),(3666),(3667),(3668),(3669),(3670),(3671),(3672),(3673),(3674),(3675),(3676),(3677),(3678),(3679),(3680),(3681),(3682),(3683),(3684),(3685),(3686),(3687),(3688),(3689),(3690),(3691),(3692),(3693),(3694),(3695),(3696),(3697),(3698),(3699),(3700),(3701),(3702),(3703),(3704),(3705),(3706);
/*!40000 ALTER TABLE `ac` ENABLE KEYS */;
UNLOCK TABLES;

--
-- Table structure for table `annee_scolaire`
--

DROP TABLE IF EXISTS `annee_scolaire`;
/*!40101 SET @saved_cs_client     = @@character_set_client */;
/*!50503 SET character_set_client = utf8mb4 */;
CREATE TABLE `annee_scolaire` (
  `id` int NOT NULL AUTO_INCREMENT,
  `libelle` varchar(200) COLLATE utf8mb4_unicode_ci NOT NULL,
  PRIMARY KEY (`id`)
) ENGINE=InnoDB AUTO_INCREMENT=76 DEFAULT CHARSET=utf8mb4 COLLATE=utf8mb4_unicode_ci;
/*!40101 SET character_set_client = @saved_cs_client */;

--
-- Dumping data for table `annee_scolaire`
--

LOCK TABLES `annee_scolaire` WRITE;
/*!40000 ALTER TABLE `annee_scolaire` DISABLE KEYS */;
INSERT INTO `annee_scolaire` VALUES (66,'2010-2011'),(67,'2011-2012'),(68,'2012-2013'),(69,'2013-2014'),(70,'2014-2015'),(71,'2015-2016'),(72,'2016-2017'),(73,'2017-2018'),(74,'2018-2019'),(75,'2019-2020');
/*!40000 ALTER TABLE `annee_scolaire` ENABLE KEYS */;
UNLOCK TABLES;

--
-- Table structure for table `classe`
--

DROP TABLE IF EXISTS `classe`;
/*!40101 SET @saved_cs_client     = @@character_set_client */;
/*!50503 SET character_set_client = utf8mb4 */;
CREATE TABLE `classe` (
  `id` int NOT NULL AUTO_INCREMENT,
  `rp_id` int NOT NULL,
  `libelle` varchar(200) COLLATE utf8mb4_unicode_ci DEFAULT NULL,
  `niveau` varchar(100) COLLATE utf8mb4_unicode_ci DEFAULT NULL,
  PRIMARY KEY (`id`),
  KEY `IDX_8F87BF96B70FF80C` (`rp_id`),
  CONSTRAINT `FK_8F87BF96B70FF80C` FOREIGN KEY (`rp_id`) REFERENCES `rp` (`id`)
) ENGINE=InnoDB AUTO_INCREMENT=43 DEFAULT CHARSET=utf8mb4 COLLATE=utf8mb4_unicode_ci;
/*!40101 SET character_set_client = @saved_cs_client */;

--
-- Dumping data for table `classe`
--

LOCK TABLES `classe` WRITE;
/*!40000 ALTER TABLE `classe` DISABLE KEYS */;
INSERT INTO `classe` VALUES (40,3707,'classe 1','licence 1'),(41,3707,'classe 2','licence 2'),(42,3707,'classe 3','licence 3');
/*!40000 ALTER TABLE `classe` ENABLE KEYS */;
UNLOCK TABLES;

--
-- Table structure for table `classe_professeur`
--

DROP TABLE IF EXISTS `classe_professeur`;
/*!40101 SET @saved_cs_client     = @@character_set_client */;
/*!50503 SET character_set_client = utf8mb4 */;
CREATE TABLE `classe_professeur` (
  `classe_id` int NOT NULL,
  `professeur_id` int NOT NULL,
  PRIMARY KEY (`classe_id`,`professeur_id`),
  KEY `IDX_B29EB3B28F5EA509` (`classe_id`),
  KEY `IDX_B29EB3B2BAB22EE9` (`professeur_id`),
  CONSTRAINT `FK_B29EB3B28F5EA509` FOREIGN KEY (`classe_id`) REFERENCES `classe` (`id`) ON DELETE CASCADE,
  CONSTRAINT `FK_B29EB3B2BAB22EE9` FOREIGN KEY (`professeur_id`) REFERENCES `professeur` (`id`) ON DELETE CASCADE
) ENGINE=InnoDB DEFAULT CHARSET=utf8mb4 COLLATE=utf8mb4_unicode_ci;
/*!40101 SET character_set_client = @saved_cs_client */;

--
-- Dumping data for table `classe_professeur`
--

LOCK TABLES `classe_professeur` WRITE;
/*!40000 ALTER TABLE `classe_professeur` DISABLE KEYS */;
/*!40000 ALTER TABLE `classe_professeur` ENABLE KEYS */;
UNLOCK TABLES;

--
-- Table structure for table `demande`
--

DROP TABLE IF EXISTS `demande`;
/*!40101 SET @saved_cs_client     = @@character_set_client */;
/*!50503 SET character_set_client = utf8mb4 */;
CREATE TABLE `demande` (
  `id` int NOT NULL AUTO_INCREMENT,
  `r_p_id` int NOT NULL,
  `etudiant_id` int NOT NULL,
  `motif` longtext COLLATE utf8mb4_unicode_ci,
  `created_at` datetime DEFAULT NULL COMMENT '(DC2Type:datetime_immutable)',
  PRIMARY KEY (`id`),
  KEY `IDX_2694D7A5BF54E9CD` (`r_p_id`),
  KEY `IDX_2694D7A5DDEAB1A3` (`etudiant_id`),
  CONSTRAINT `FK_2694D7A5BF54E9CD` FOREIGN KEY (`r_p_id`) REFERENCES `rp` (`id`),
  CONSTRAINT `FK_2694D7A5DDEAB1A3` FOREIGN KEY (`etudiant_id`) REFERENCES `etudiant` (`id`)
) ENGINE=InnoDB AUTO_INCREMENT=1951 DEFAULT CHARSET=utf8mb4 COLLATE=utf8mb4_unicode_ci;
/*!40101 SET character_set_client = @saved_cs_client */;

--
-- Dumping data for table `demande`
--

LOCK TABLES `demande` WRITE;
/*!40000 ALTER TABLE `demande` DISABLE KEYS */;
INSERT INTO `demande` VALUES (1801,3708,3709,'Possimus ullam velit repellendus corporis distinctio.',NULL),(1802,3708,3709,'Impedit tenetur doloribus dignissimos laborum sed magnam.',NULL),(1803,3708,3709,'Ipsa est dolores hic repellat qui reiciendis quo amet.',NULL),(1804,3708,3709,'Tempora enim consequatur expedita sit impedit ea.',NULL),(1805,3708,3709,'Cum totam asperiores beatae.',NULL),(1806,3708,3709,'Optio et porro hic iure totam.',NULL),(1807,3708,3709,'Deserunt voluptas quidem assumenda ad cum.',NULL),(1808,3708,3709,'Harum atque illo excepturi eum quis.',NULL),(1809,3708,3709,'Eaque facilis aliquam et magnam sint.',NULL),(1810,3708,3709,'Ipsum et ducimus est sit rerum.',NULL),(1811,3708,3709,'Sed inventore sit repudiandae occaecati dolores quibusdam.',NULL),(1812,3708,3709,'Alias occaecati sunt inventore et sint modi.',NULL),(1813,3708,3709,'Vel provident ad non.',NULL),(1814,3708,3709,'Quae veniam illum id autem.',NULL),(1815,3708,3709,'Ab similique blanditiis harum et qui neque.',NULL),(1816,3708,3709,'Optio non et ea blanditiis illo velit ut.','2022-06-08 23:52:24'),(1817,3708,3709,'Aspernatur officiis ut in exercitationem earum praesentium earum eligendi.',NULL),(1818,3708,3709,'Architecto illo necessitatibus praesentium autem soluta inventore doloribus.',NULL),(1819,3708,3709,'Minus rem nobis dolor ea.',NULL),(1820,3708,3709,'Laboriosam iure voluptas modi aliquam fugiat.',NULL),(1821,3708,3709,'Est eligendi quis fuga cum voluptas.',NULL),(1822,3708,3709,'Quibusdam doloremque unde occaecati dolores dicta.',NULL),(1823,3708,3709,'Et iure ea earum dolores.',NULL),(1824,3708,3709,'Sed magni consequatur voluptas ducimus voluptatem repellat.',NULL),(1825,3708,3709,'Sapiente ipsam nostrum quasi pariatur in eum.',NULL),(1826,3708,3709,'Vitae doloribus sunt dolores dolore porro.',NULL),(1827,3708,3709,'Ipsum amet neque occaecati magnam reiciendis accusantium est.',NULL),(1828,3708,3709,'Nisi vel cumque voluptatum vel doloremque.',NULL),(1829,3708,3709,'Vel eos non molestiae aut nesciunt.',NULL),(1830,3708,3709,'Esse id reprehenderit in architecto esse voluptas.',NULL),(1831,3708,3709,'Non ab reprehenderit molestiae sed velit voluptatem.',NULL),(1832,3708,3709,'Odio sed autem unde.',NULL),(1833,3708,3709,'Reprehenderit labore tempore ipsam eligendi accusamus voluptatem nihil.',NULL),(1834,3708,3709,'Amet odio ut eum necessitatibus sunt.',NULL),(1835,3708,3709,'Perspiciatis exercitationem neque et.',NULL),(1836,3708,3709,'Odio asperiores qui nisi quidem eaque et quos.',NULL),(1837,3708,3709,'Cupiditate eos vel qui illum facere ut vel.',NULL),(1838,3708,3709,'Omnis dolor non et quibusdam quae incidunt.',NULL),(1839,3708,3709,'Dignissimos et nisi perspiciatis ex et natus fugit.',NULL),(1840,3708,3709,'Quia quae voluptas alias consequuntur delectus ut.',NULL),(1841,3708,3709,'Optio omnis nemo sunt at voluptates impedit deleniti.',NULL),(1842,3708,3709,'Natus dolor sapiente sint veniam quae tenetur voluptatem dicta.',NULL),(1843,3708,3709,'Omnis consequatur dolor deleniti pariatur dolores.',NULL),(1844,3708,3709,'Alias id consequatur nobis voluptas dicta repudiandae.',NULL),(1845,3708,3709,'Molestiae veritatis deleniti veniam maxime ea reiciendis.',NULL),(1846,3708,3709,'Tempora corporis et recusandae.',NULL),(1847,3708,3709,'Rerum sit praesentium velit expedita et ipsum doloremque.',NULL),(1848,3708,3709,'Impedit culpa eaque est est nihil voluptatem.',NULL),(1849,3708,3709,'Ullam iusto recusandae nisi magni numquam et.',NULL),(1850,3708,3709,'Quod illo fuga neque et vitae fugit.',NULL),(1851,3708,3709,'Quasi fugit a atque vel delectus magni quis.',NULL),(1852,3708,3709,'Unde quae alias quia.',NULL),(1853,3708,3709,'Earum iusto iure quisquam qui nostrum illum distinctio.',NULL),(1854,3708,3709,'Commodi similique consequuntur voluptatem.',NULL),(1855,3708,3709,'Qui aut architecto qui.',NULL),(1856,3708,3709,'Exercitationem culpa fuga deserunt et suscipit fuga dolorum.',NULL),(1857,3708,3709,'Aut vel omnis voluptatem quidem fuga quo excepturi.',NULL),(1858,3708,3709,'Voluptatem quos quo aliquid voluptatem voluptatum.',NULL),(1859,3708,3709,'Quia eum ratione quis corrupti eum rem aut.',NULL),(1860,3708,3709,'Et optio eveniet doloremque.',NULL),(1861,3708,3709,'Pariatur nobis ad molestiae odit.',NULL),(1862,3708,3709,'Ea illum eveniet voluptatum quo repellendus explicabo.',NULL),(1863,3708,3709,'Est aut rerum ut iste est ab sed.',NULL),(1864,3708,3709,'Quo eius eius et commodi sit voluptatem et et.',NULL),(1865,3708,3709,'Qui id aliquam minus.',NULL),(1866,3708,3709,'Beatae tenetur modi accusantium quia non repudiandae.',NULL),(1867,3708,3709,'Ut doloremque totam velit omnis impedit et.',NULL),(1868,3708,3709,'Minima incidunt iusto dolores natus.',NULL),(1869,3708,3709,'Dolorem repudiandae quis aperiam qui occaecati reiciendis hic.',NULL),(1870,3708,3709,'Laudantium cum iste ipsum quia suscipit.',NULL),(1871,3708,3709,'Fuga illo soluta est eius nostrum labore.',NULL),(1872,3708,3709,'Distinctio dolorem eos qui.',NULL),(1873,3708,3709,'Labore voluptatem autem velit ipsa cupiditate voluptate.',NULL),(1874,3708,3709,'Omnis in ullam dolor.',NULL),(1875,3708,3709,'Ut non perferendis doloremque ut qui.',NULL),(1876,3708,3709,'Nostrum praesentium labore sit repudiandae dolores cumque expedita.',NULL),(1877,3708,3709,'Rerum consectetur magni illo vitae nulla.',NULL),(1878,3708,3709,'Numquam quibusdam quas dolores ipsa sit.',NULL),(1879,3708,3709,'Necessitatibus officiis alias quia ad aut enim.',NULL),(1880,3708,3709,'Pariatur vero ea voluptatem qui praesentium enim dignissimos porro.',NULL),(1881,3708,3709,'Unde beatae blanditiis odit rerum.',NULL),(1882,3708,3709,'Voluptas et sed alias tempore.',NULL),(1883,3708,3709,'Debitis dolor placeat voluptatem iste.',NULL),(1884,3708,3709,'Pariatur tempora explicabo quia optio quaerat maiores neque voluptatem.',NULL),(1885,3708,3709,'Consequatur voluptatem porro ad non quibusdam.',NULL),(1886,3708,3709,'Quos est consequuntur voluptas nemo autem placeat.',NULL),(1887,3708,3709,'Quia inventore eligendi aut quia velit.',NULL),(1888,3708,3709,'Illum debitis qui rerum et consequatur.',NULL),(1889,3708,3709,'Saepe exercitationem optio et veritatis soluta.',NULL),(1890,3708,3709,'Explicabo quia nesciunt aperiam commodi et.',NULL),(1891,3708,3709,'Dignissimos molestiae rem sequi ea itaque voluptatum veniam neque.',NULL),(1892,3708,3709,'Rerum aut exercitationem est laudantium rem voluptatum.',NULL),(1893,3708,3709,'Minus et nihil vero impedit.',NULL),(1894,3708,3709,'Rerum vitae voluptas dignissimos quia nisi quae incidunt.',NULL),(1895,3708,3709,'Odit labore et saepe.',NULL),(1896,3708,3709,'Dignissimos aliquam iusto explicabo sit nihil deserunt quis.',NULL),(1897,3708,3709,'Perspiciatis consequatur suscipit autem vitae.',NULL),(1898,3708,3709,'Quae consequatur sit et blanditiis.',NULL),(1899,3708,3709,'Ea blanditiis et quia sunt qui.',NULL),(1900,3708,3709,'Voluptate autem molestias facilis rerum.',NULL),(1901,3708,3709,'Nesciunt quas et enim quaerat pariatur.',NULL),(1902,3708,3709,'Id dolor consequuntur iusto.',NULL),(1903,3708,3709,'Veritatis neque iste quo consequatur sit assumenda alias.',NULL),(1904,3708,3709,'Et corrupti asperiores nulla dignissimos commodi magnam numquam.',NULL),(1905,3708,3709,'Ex debitis fugiat quibusdam voluptate et et.',NULL),(1906,3708,3709,'Laudantium consequatur minus in maiores.',NULL),(1907,3708,3709,'Consectetur reiciendis totam quae cupiditate assumenda.',NULL),(1908,3708,3709,'Iusto harum adipisci est atque fugit est consequatur.',NULL),(1909,3708,3709,'Neque ullam vitae dolor ut aspernatur optio.',NULL),(1910,3708,3709,'Sed sint praesentium nihil eveniet qui quam omnis.',NULL),(1911,3708,3709,'Porro unde labore sequi omnis nobis ipsa.',NULL),(1912,3708,3709,'Dolore sed voluptatem ea ea hic optio dolor.',NULL),(1913,3708,3709,'Voluptatibus est et sapiente expedita.',NULL),(1914,3708,3709,'Earum atque quidem qui aut ut commodi reiciendis.',NULL),(1915,3708,3709,'Quia similique tenetur consequuntur ab qui.',NULL),(1916,3708,3709,'Inventore necessitatibus assumenda sapiente nostrum optio.',NULL),(1917,3708,3709,'Qui eos sed illo porro quia quibusdam.',NULL),(1918,3708,3709,'Et libero velit consequatur eveniet.',NULL),(1919,3708,3709,'Qui optio iusto non at.',NULL),(1920,3708,3709,'Enim vel totam dicta nisi consequatur dolor.',NULL),(1921,3708,3709,'Et deserunt corporis quasi odit atque.',NULL),(1922,3708,3709,'Dolor aut voluptatem repellendus id excepturi eaque.',NULL),(1923,3708,3709,'Sed quis corporis delectus ea a sed sequi commodi.',NULL),(1924,3708,3709,'Minus non dolorem qui ad nulla non minima.',NULL),(1925,3708,3709,'Reiciendis ullam aut delectus modi eum et est.',NULL),(1926,3708,3709,'Est sed deserunt pariatur sit quia.',NULL),(1927,3708,3709,'Voluptas deserunt non natus.',NULL),(1928,3708,3709,'Sit illum magnam quaerat non porro qui quia.',NULL),(1929,3708,3709,'Illo voluptatem quis explicabo fugiat vel ipsam et.',NULL),(1930,3708,3709,'Ea consequatur fugiat et et.',NULL),(1931,3708,3709,'Consequatur beatae velit architecto alias sed.',NULL),(1932,3708,3709,'Ut sunt voluptatibus libero porro corporis est recusandae ut.',NULL),(1933,3708,3709,'Ut et ea perspiciatis voluptas quia numquam molestiae.',NULL),(1934,3708,3709,'Dolore est quos accusamus impedit sunt.',NULL),(1935,3708,3709,'Sequi voluptates corporis totam ratione.',NULL),(1936,3708,3709,'Dolores totam et sit illum.',NULL),(1937,3708,3709,'Ut neque nostrum deleniti sapiente illum omnis molestias.',NULL),(1938,3708,3709,'Est quo optio deleniti non qui ad et.',NULL),(1939,3708,3709,'Hic nobis ipsum recusandae nihil dignissimos reprehenderit.',NULL),(1940,3708,3709,'Vel aut libero et quis perferendis assumenda.',NULL),(1941,3708,3709,'Sit ad amet ipsa excepturi qui voluptatibus.',NULL),(1942,3708,3709,'Quod ut dolore fuga voluptatem voluptatum.',NULL),(1943,3708,3709,'Sit in ut debitis dolorum et consectetur.',NULL),(1944,3708,3709,'Molestias recusandae eius sed architecto sint sapiente.',NULL),(1945,3708,3709,'Aut voluptates atque molestias et nihil.',NULL),(1946,3708,3709,'Nisi fugit saepe asperiores occaecati provident facere dignissimos.',NULL),(1947,3708,3709,'Dolores quisquam mollitia dolorum et repudiandae odio dolorem.',NULL),(1948,3708,3709,'Et unde fugit suscipit officia asperiores aperiam labore.',NULL),(1949,3708,3709,'Repellendus eum amet qui libero.',NULL),(1950,3708,3709,'Itaque necessitatibus nihil illo.',NULL);
/*!40000 ALTER TABLE `demande` ENABLE KEYS */;
UNLOCK TABLES;

--
-- Table structure for table `doctrine_migration_versions`
--

DROP TABLE IF EXISTS `doctrine_migration_versions`;
/*!40101 SET @saved_cs_client     = @@character_set_client */;
/*!50503 SET character_set_client = utf8mb4 */;
CREATE TABLE `doctrine_migration_versions` (
  `version` varchar(191) COLLATE utf8_unicode_ci NOT NULL,
  `executed_at` datetime DEFAULT NULL,
  `execution_time` int DEFAULT NULL,
  PRIMARY KEY (`version`)
) ENGINE=InnoDB DEFAULT CHARSET=utf8mb3 COLLATE=utf8_unicode_ci;
/*!40101 SET character_set_client = @saved_cs_client */;

--
-- Dumping data for table `doctrine_migration_versions`
--

LOCK TABLES `doctrine_migration_versions` WRITE;
/*!40000 ALTER TABLE `doctrine_migration_versions` DISABLE KEYS */;
INSERT INTO `doctrine_migration_versions` VALUES ('DoctrineMigrations\\Version20220602091534','2022-06-02 09:15:39',1478);
/*!40000 ALTER TABLE `doctrine_migration_versions` ENABLE KEYS */;
UNLOCK TABLES;

--
-- Table structure for table `etudiant`
--

DROP TABLE IF EXISTS `etudiant`;
/*!40101 SET @saved_cs_client     = @@character_set_client */;
/*!50503 SET character_set_client = utf8mb4 */;
CREATE TABLE `etudiant` (
  `id` int NOT NULL,
  `matricule` varchar(100) COLLATE utf8mb4_unicode_ci NOT NULL,
  `sexe` varchar(50) COLLATE utf8mb4_unicode_ci DEFAULT NULL,
  `adresse` longtext COLLATE utf8mb4_unicode_ci,
  PRIMARY KEY (`id`),
  CONSTRAINT `FK_717E22E3BF396750` FOREIGN KEY (`id`) REFERENCES `personne` (`id`) ON DELETE CASCADE
) ENGINE=InnoDB DEFAULT CHARSET=utf8mb4 COLLATE=utf8mb4_unicode_ci;
/*!40101 SET character_set_client = @saved_cs_client */;

--
-- Dumping data for table `etudiant`
--

LOCK TABLES `etudiant` WRITE;
/*!40000 ALTER TABLE `etudiant` DISABLE KEYS */;
INSERT INTO `etudiant` VALUES (3709,'odio','F','68147 Goldner Freeway Apt. 407\nLanceville, KY 87948-5278'),(3710,'non dolor deserunt dignissimos ratione sit iste omnis','M','3615 Ledner Centers Apt. 982\nStephanieton, HI 79900-8036'),(3711,'dignissimos et ut eaque omnis ipsam sapiente rerum','F','6504 Kenyatta Crest\nBrandynview, MS 85189'),(3712,'magnam nihil sit sit et praesentium laborum qui','F','5427 Abby Falls Suite 506\nSigurdview, ME 78148-9432'),(3713,'cumque molestiae optio earum sint suscipit quas et','M','292 Jannie Squares\nEnriqueburgh, RI 03404'),(3714,'modi maiores perspiciatis sapiente consequatur quia suscipit nostrum','F','934 Lubowitz Union\nFerrymouth, WI 44465'),(3715,'rem soluta qui magni possimus tenetur aliquam porro','F','95258 Lemke Ways Suite 479\nPort Olafborough, FL 84169-6205'),(3716,'esse ducimus fugiat illum minima accusamus et officia','M','182 Clara Tunnel Suite 534\nJohnsonview, AL 62430'),(3717,'soluta adipisci laudantium dicta voluptatem nam sit fugit','F','271 Bayer Highway\nLake Griffin, WV 34192-9286'),(3718,'eaque ullam quam non et eligendi nihil illum','F','8822 Wisozk Coves\nJermeyton, MA 38041'),(3719,'eos at eos quis voluptatibus consequatur quod soluta','M','1666 Dell Mountains\nThadside, NV 82092-5298'),(3720,'laudantium itaque ipsum accusantium illo ut sit consectetur','F','2006 Stiedemann Mill Suite 281\nPort Joannie, MD 05809-9085'),(3721,'deserunt quasi est magni id et impedit voluptatibus','F','92824 Linnie Street\nHillstad, ME 45087-5499'),(3722,'nam tempore veniam necessitatibus quisquam sint reprehenderit sed','M','697 Jimmie Lane\nHaagville, OR 72099'),(3723,'qui dolores rerum fugiat consequatur et nesciunt ad','F','12295 Daisha Ridges\nStoltenbergville, KY 43101-8024'),(3724,'eum est odio nihil odit et nemo nesciunt','F','934 Keebler Ridge\nConroytown, CA 70105'),(3725,'accusantium porro excepturi nesciunt atque rerum vel illo','M','8104 Hackett Trafficway Suite 683\nLefflerport, FL 03152'),(3726,'asperiores ut quasi ut sequi at aspernatur qui','F','1011 Mona Passage\nNew Twilashire, KY 73896'),(3727,'qui non libero laborum neque voluptas maiores vel','F','7710 Angelina Orchard Suite 266\nLake Trentview, VA 01532-8538'),(3728,'autem odit ipsam quis voluptate ut voluptatem qui','M','4532 Borer Trail Suite 144\nWillmschester, OK 11769-0783'),(3729,'optio deserunt delectus impedit sequi quis in dolorum','F','513 Leannon Cape Suite 051\nWisokymouth, CT 74131'),(3730,'dolores voluptates occaecati tempore repellat minus molestias sed','F','8449 Vallie Stravenue\nWest Marian, FL 26120'),(3731,'quia laudantium omnis ut sed adipisci totam dolore','M','953 Megane Forks\nEmardhaven, UT 71309-3836'),(3732,'architecto ut occaecati iure deleniti doloremque consectetur expedita','F','136 Pfeffer Island\nLake Kathlynland, KS 31900-7631'),(3733,'minus quae aperiam facilis vero sit officiis distinctio','F','963 Lenny View Apt. 994\nWest Hadleyville, WV 57239'),(3734,'quisquam sunt est perspiciatis sit vitae autem fugiat','M','96139 Lakin Corner Suite 029\nWisokymouth, MN 00894-5428'),(3735,'veniam eum nam cum exercitationem quos sunt est','F','3299 Monahan Plaza Apt. 215\nLuraside, ME 33865'),(3736,'et voluptas exercitationem nihil perferendis quam amet in','F','1310 Goyette Drive\nNew Daishachester, AL 37054'),(3737,'a voluptate dolorem consequatur sunt libero aspernatur ut','M','32703 Ritchie Bridge\nNorth Traceyburgh, ME 25671'),(3738,'est nemo eos officiis dignissimos iure ut qui','F','3482 Langosh Key Suite 906\nKirlinland, WY 61646'),(3739,'doloremque nemo velit maxime nisi nulla blanditiis quia','F','3428 Marty Tunnel\nEast Mohammad, TN 96355-5212'),(3740,'facilis aut quis sit enim molestias quidem praesentium','M','3666 Jast Manor Suite 591\nSwaniawskiville, MI 83263-0473'),(3741,'vitae dolore nihil ut quis porro neque possimus','F','45343 Samara Station Suite 216\nGutmanntown, ME 90051-4752'),(3742,'dignissimos molestiae quae earum incidunt aut et a','F','93279 Elvis Locks\nChristown, CA 09979-2943'),(3743,'atque expedita vel et quia animi quae sint','M','93827 Eugenia Pine Apt. 352\nLetitiamouth, WY 68402'),(3744,'aut in aliquid quod dolor cumque vitae impedit','F','10782 Brent Haven Suite 644\nEast Ransomstad, AZ 02221-9912'),(3745,'sed quo vitae nihil itaque sit odio sint','F','17314 Pfannerstill Meadows\nNorth Orlandland, IN 00989'),(3746,'necessitatibus est est sapiente repudiandae qui laboriosam provident','M','888 Charity Springs Apt. 250\nWest Jackelineport, HI 63147-1636'),(3747,'tenetur reiciendis doloribus nobis atque dicta blanditiis commodi','F','3238 Ashlynn Cove\nBenedictchester, NM 97260-9022'),(3748,'repudiandae ea sed id eos rem nisi blanditiis','F','36311 Lorna Knolls\nEast Aidanberg, NC 72980'),(3749,'maxime vel ea beatae magni doloribus atque perspiciatis','M','20884 Nannie Loop\nColbyton, CA 18191-3884'),(3750,'et aperiam voluptates quo voluptatem aut et a','F','259 Mozelle Ridges\nPort Assunta, MN 90506'),(3751,'dignissimos rerum facere adipisci laborum exercitationem labore quo','F','495 Leuschke Field Apt. 152\nNorth Wileystad, NY 73651-6246'),(3752,'nihil aut quae recusandae iste et consectetur doloremque','M','465 Beulah Villages Apt. 610\nPort Reannahaven, AR 08226-5933'),(3753,'unde aliquam natus dolores nam molestiae dolor vitae','F','319 Ashly Burgs\nLake Dillon, TN 62631-3966'),(3754,'consequatur nemo odio qui culpa occaecati molestiae ut','F','728 Burdette Ville\nEast Mike, ND 90977-4182'),(3755,'recusandae sed fugiat voluptate alias minima nemo debitis','M','433 Macejkovic Stravenue\nVadaberg, MO 59756-0408'),(3756,'voluptates molestias molestias qui ipsam assumenda velit quod','F','4511 Alexander Shoal\nWest Lizeth, ID 02862-2614'),(3757,'ea nisi ea ullam iste et corrupti repellat','F','9303 Hessel Route\nDickinsonchester, OH 67234-8501'),(3758,'nam voluptas eos laborum veritatis perspiciatis officia repellat','M','1391 Anastasia Lake Suite 862\nFernandoborough, MS 92962-2519'),(3759,'voluptate dolorem ipsa libero optio eveniet enim animi','F','3824 Verda Port Apt. 523\nVilmaview, NM 67111'),(3760,'dolor deleniti exercitationem nihil ex eaque odio aut','F','102 Lauryn Light\nAlisonchester, ID 13772'),(3761,'eos in dolorem est quis aut corrupti aliquid','M','515 Cecelia Roads\nTyreeville, OR 84657-5178'),(3762,'laudantium dolorum alias et nam deserunt veritatis odio','F','2938 Cartwright Course Suite 069\nNew Herta, CO 75402'),(3763,'pariatur sequi eius dicta sit molestiae sed nihil','F','9806 Burnice Harbor\nSouth Merlinville, OH 44937'),(3764,'et reiciendis et minus neque ipsum soluta molestiae','M','1839 Bergstrom Summit Apt. 654\nPort Stefanmouth, TX 74323-9259'),(3765,'voluptas est inventore est assumenda ea ut eos','F','2460 Jordi Mews\nWest Simberg, AK 69198'),(3766,'eum voluptas vel tempora ipsam qui voluptas qui','F','4141 Bobby Inlet\nPort Floridaville, AK 85172-0546'),(3767,'vitae aut nobis nihil ut non harum dolores','M','2057 Ubaldo Springs\nArelyberg, MS 25832'),(3768,'vitae magni possimus omnis error soluta molestias sit','F','8145 Bogisich Lake\nMarlinshire, CA 77370-9898'),(3769,'eius minus sit sed iusto quae accusamus rerum','F','16096 Rice Fields\nEast Velma, SD 82969-2745'),(3770,'sint accusamus odit adipisci esse officia labore ipsa','M','43204 Adams Harbors\nEast Camdenland, CA 02609-3642'),(3771,'praesentium nisi numquam praesentium aperiam omnis pariatur rem','F','886 Adams Vista Suite 168\nNew Tyrelfort, NM 15859-9692'),(3772,'sint consequuntur qui illum repellat et non fugiat','F','103 Cordie Glen Suite 915\nMurphyshire, CA 27593-2064'),(3773,'quod quae doloribus reprehenderit et voluptates saepe asperiores','M','7933 Kling Canyon\nPort Hassie, WV 41171'),(3774,'similique ullam molestiae placeat incidunt sapiente est et','F','4119 Stroman Hollow Apt. 637\nNew Lottie, PA 30730-1791'),(3775,'omnis quo sunt consectetur distinctio voluptates consequuntur quasi','F','575 Trace View Apt. 844\nKiannachester, DE 07145'),(3776,'sed sit repellendus beatae deleniti et voluptatibus voluptates','M','796 Isabella Lake\nMontyton, AR 36209-9413'),(3777,'explicabo et ea dolores architecto non rerum odit','F','20604 Torphy Road Apt. 944\nWest Eldredtown, LA 68543'),(3778,'amet minus eius ipsa impedit explicabo officiis ut','F','45484 Emelia Inlet Suite 539\nRandalview, KS 66358'),(3779,'nobis repellendus placeat sequi sapiente adipisci magnam eos','M','3417 Zulauf Springs\nOrtizmouth, OK 82969-7012'),(3780,'repudiandae aperiam et magnam velit libero ipsa modi','F','725 Zola Coves\nPort Kylerside, DE 31802'),(3781,'quibusdam nisi voluptates sequi facere eos deserunt sapiente','F','23266 Fahey Springs\nSimonischester, CO 54231-5638'),(3782,'aperiam neque voluptatibus sit id ut perspiciatis sit','M','4565 Wilma Estates Suite 299\nEast Lonny, AR 55843-8137'),(3783,'occaecati beatae magni pariatur animi voluptatem perferendis repudiandae','F','542 Enrico Curve Suite 024\nHillport, MD 90096-9949'),(3784,'voluptas minus eaque aut atque temporibus deleniti quia','F','96947 Rosenbaum Via Suite 720\nBergstromshire, MI 35814'),(3785,'cupiditate beatae animi est numquam voluptatem quae aut','M','934 Lon Locks Apt. 076\nEast Carlottaberg, IN 00735-0833'),(3786,'veritatis et ab at optio quia minima ex','F','96996 Runolfsson Row\nLemkeborough, VA 05106-4296'),(3787,'qui magnam praesentium quisquam autem sint reprehenderit autem','F','3988 Toney Rue Apt. 965\nSwiftview, KS 53778'),(3788,'est et nobis molestiae voluptatem eius vel quae','M','75524 Armando Orchard\nGoldnershire, IN 86006'),(3789,'rem magnam rerum impedit quod impedit veniam consequatur','F','5977 Vicenta Common\nNew Zechariah, MD 65982-0033'),(3790,'architecto sit quibusdam ducimus ut eius molestiae ipsa','F','84138 Mayer Harbor Suite 991\nErdmanbury, NV 67241'),(3791,'iste ut aliquam et suscipit molestiae eum non','M','8582 Wisozk Loop Suite 168\nWest Josueville, MD 85964-1875'),(3792,'architecto odit qui molestias sunt illum doloremque vero','F','80004 Trantow Point Apt. 668\nSouth Billburgh, SC 17987'),(3793,'quaerat quos perspiciatis qui ipsa et tenetur sed','F','13479 Darius Shoals Apt. 869\nNorth Lexieport, LA 84560-9311'),(3794,'rem sint adipisci dolore occaecati eum eos pariatur','M','163 Zulauf Radial\nKianmouth, IN 57571-7709'),(3795,'consequatur facilis sapiente autem qui atque ad quae','F','27775 Andreanne Viaduct Suite 579\nNew Sabryna, MN 30633'),(3796,'tempora voluptas dolorem praesentium quam dolorem nemo optio','F','5016 Fritsch Summit\nNew Fabiolafurt, MI 02057-9614'),(3797,'expedita et itaque dolorem excepturi est doloribus sit','M','2072 Ozella Skyway\nPort Valentinaport, NE 36724-9963'),(3798,'voluptatum consequuntur ex minus rerum et placeat qui','F','68800 Lucinda Path Suite 381\nDwightbury, NE 23324'),(3799,'magnam totam hic soluta iste praesentium qui perferendis','F','94056 Cleta Greens Apt. 910\nZackborough, MI 76318-2482'),(3800,'maxime consequatur rerum odit optio sit non autem','M','81722 Halie Harbor\nLake Dorcasport, MO 28696'),(3801,'quas labore eveniet eos sed ut suscipit iste','F','6956 Homenick Estates Apt. 739\nAubreestad, AK 59629-5941'),(3802,'consectetur sapiente consectetur aperiam ducimus quisquam aut id','F','661 Mireya Cove Suite 252\nSwaniawskiberg, MS 26973-8715'),(3803,'quae dolores quis deleniti nihil incidunt voluptatibus praesentium','M','5617 Minerva Streets\nMarianoberg, PA 19795-3207'),(3804,'harum blanditiis natus rerum vitae amet officiis perferendis','F','48136 Arlo Dam Suite 157\nRodolfobury, AL 55225-5587'),(3805,'dolores voluptates asperiores dolores a non totam exercitationem','F','4553 Monty Rue\nEvanmouth, AK 74355-3145'),(3806,'in reiciendis ea et porro quo ut est','M','7584 Joyce Track\nSouth Carley, OH 79340-5059'),(3807,'rem hic quae ut est sit similique est','F','899 Stark Streets\nRueckerburgh, DE 33026'),(3808,'unde dolorem a natus ducimus voluptas enim corrupti','F','85200 Burdette Plaza Apt. 913\nMonahanhaven, IN 40168'),(3809,'quia reiciendis ab vitae qui odio voluptatum autem','M','424 Letha Extensions Suite 586\nLake Margaretthaven, NY 51613'),(3810,'sed facilis tenetur neque quas vero sapiente est','F','367 Turcotte Mission\nPort Tessieborough, LA 93819-0976');
/*!40000 ALTER TABLE `etudiant` ENABLE KEYS */;
UNLOCK TABLES;

--
-- Table structure for table `inscription`
--

DROP TABLE IF EXISTS `inscription`;
/*!40101 SET @saved_cs_client     = @@character_set_client */;
/*!50503 SET character_set_client = utf8mb4 */;
CREATE TABLE `inscription` (
  `id` int NOT NULL AUTO_INCREMENT,
  `annee_scolaire_id` int NOT NULL,
  `classe_id` int NOT NULL,
  `etudiant_id` int NOT NULL,
  `a_c_id` int NOT NULL,
  PRIMARY KEY (`id`),
  KEY `IDX_5E90F6D69331C741` (`annee_scolaire_id`),
  KEY `IDX_5E90F6D68F5EA509` (`classe_id`),
  KEY `IDX_5E90F6D6DDEAB1A3` (`etudiant_id`),
  KEY `IDX_5E90F6D678BA6189` (`a_c_id`),
  CONSTRAINT `FK_5E90F6D678BA6189` FOREIGN KEY (`a_c_id`) REFERENCES `ac` (`id`),
  CONSTRAINT `FK_5E90F6D68F5EA509` FOREIGN KEY (`classe_id`) REFERENCES `classe` (`id`),
  CONSTRAINT `FK_5E90F6D69331C741` FOREIGN KEY (`annee_scolaire_id`) REFERENCES `annee_scolaire` (`id`),
  CONSTRAINT `FK_5E90F6D6DDEAB1A3` FOREIGN KEY (`etudiant_id`) REFERENCES `etudiant` (`id`)
) ENGINE=InnoDB DEFAULT CHARSET=utf8mb4 COLLATE=utf8mb4_unicode_ci;
/*!40101 SET character_set_client = @saved_cs_client */;

--
-- Dumping data for table `inscription`
--

LOCK TABLES `inscription` WRITE;
/*!40000 ALTER TABLE `inscription` DISABLE KEYS */;
/*!40000 ALTER TABLE `inscription` ENABLE KEYS */;
UNLOCK TABLES;

--
-- Table structure for table `messenger_messages`
--

DROP TABLE IF EXISTS `messenger_messages`;
/*!40101 SET @saved_cs_client     = @@character_set_client */;
/*!50503 SET character_set_client = utf8mb4 */;
CREATE TABLE `messenger_messages` (
  `id` bigint NOT NULL AUTO_INCREMENT,
  `body` longtext COLLATE utf8mb4_unicode_ci NOT NULL,
  `headers` longtext COLLATE utf8mb4_unicode_ci NOT NULL,
  `queue_name` varchar(190) COLLATE utf8mb4_unicode_ci NOT NULL,
  `created_at` datetime NOT NULL,
  `available_at` datetime NOT NULL,
  `delivered_at` datetime DEFAULT NULL,
  PRIMARY KEY (`id`),
  KEY `IDX_75EA56E0FB7336F0` (`queue_name`),
  KEY `IDX_75EA56E0E3BD61CE` (`available_at`),
  KEY `IDX_75EA56E016BA31DB` (`delivered_at`)
) ENGINE=InnoDB DEFAULT CHARSET=utf8mb4 COLLATE=utf8mb4_unicode_ci;
/*!40101 SET character_set_client = @saved_cs_client */;

--
-- Dumping data for table `messenger_messages`
--

LOCK TABLES `messenger_messages` WRITE;
/*!40000 ALTER TABLE `messenger_messages` DISABLE KEYS */;
/*!40000 ALTER TABLE `messenger_messages` ENABLE KEYS */;
UNLOCK TABLES;

--
-- Table structure for table `module`
--

DROP TABLE IF EXISTS `module`;
/*!40101 SET @saved_cs_client     = @@character_set_client */;
/*!50503 SET character_set_client = utf8mb4 */;
CREATE TABLE `module` (
  `id` int NOT NULL AUTO_INCREMENT,
  `libelle_module` longtext COLLATE utf8mb4_unicode_ci,
  PRIMARY KEY (`id`)
) ENGINE=InnoDB AUTO_INCREMENT=326 DEFAULT CHARSET=utf8mb4 COLLATE=utf8mb4_unicode_ci;
/*!40101 SET character_set_client = @saved_cs_client */;

--
-- Dumping data for table `module`
--

LOCK TABLES `module` WRITE;
/*!40000 ALTER TABLE `module` DISABLE KEYS */;
INSERT INTO `module` VALUES (301,'repellendus'),(302,'vero'),(303,'quibusdam'),(304,'quia'),(305,'repellendus'),(306,'porro'),(307,'hic'),(308,'et'),(309,'non'),(310,'totam'),(311,'totam'),(312,'exercitationem'),(313,'ipsa'),(314,'doloremque'),(315,'ut'),(316,'corrupti'),(317,'qui'),(318,'voluptas'),(319,'ipsa'),(320,'est'),(321,'cupiditate'),(322,'soluta'),(323,'error'),(324,'rerum'),(325,'provident');
/*!40000 ALTER TABLE `module` ENABLE KEYS */;
UNLOCK TABLES;

--
-- Table structure for table `module_professeur`
--

DROP TABLE IF EXISTS `module_professeur`;
/*!40101 SET @saved_cs_client     = @@character_set_client */;
/*!50503 SET character_set_client = utf8mb4 */;
CREATE TABLE `module_professeur` (
  `module_id` int NOT NULL,
  `professeur_id` int NOT NULL,
  PRIMARY KEY (`module_id`,`professeur_id`),
  KEY `IDX_82407904AFC2B591` (`module_id`),
  KEY `IDX_82407904BAB22EE9` (`professeur_id`),
  CONSTRAINT `FK_82407904AFC2B591` FOREIGN KEY (`module_id`) REFERENCES `module` (`id`) ON DELETE CASCADE,
  CONSTRAINT `FK_82407904BAB22EE9` FOREIGN KEY (`professeur_id`) REFERENCES `professeur` (`id`) ON DELETE CASCADE
) ENGINE=InnoDB DEFAULT CHARSET=utf8mb4 COLLATE=utf8mb4_unicode_ci;
/*!40101 SET character_set_client = @saved_cs_client */;

--
-- Dumping data for table `module_professeur`
--

LOCK TABLES `module_professeur` WRITE;
/*!40000 ALTER TABLE `module_professeur` DISABLE KEYS */;
/*!40000 ALTER TABLE `module_professeur` ENABLE KEYS */;
UNLOCK TABLES;

--
-- Table structure for table `personne`
--

DROP TABLE IF EXISTS `personne`;
/*!40101 SET @saved_cs_client     = @@character_set_client */;
/*!50503 SET character_set_client = utf8mb4 */;
CREATE TABLE `personne` (
  `id` int NOT NULL AUTO_INCREMENT,
  `nom_complet` varchar(100) COLLATE utf8mb4_unicode_ci NOT NULL,
  `roles` varchar(255) COLLATE utf8mb4_unicode_ci NOT NULL,
  PRIMARY KEY (`id`)
) ENGINE=InnoDB AUTO_INCREMENT=3923 DEFAULT CHARSET=utf8mb4 COLLATE=utf8mb4_unicode_ci;
/*!40101 SET character_set_client = @saved_cs_client */;

--
-- Dumping data for table `personne`
--

LOCK TABLES `personne` WRITE;
/*!40000 ALTER TABLE `personne` DISABLE KEYS */;
INSERT INTO `personne` VALUES (3606,'Hayley Koch IV','ac'),(3607,'Ethelyn Schroeder','ac'),(3608,'Dulce Kassulke DVM','ac'),(3609,'Dexter Towne','ac'),(3610,'Jordy Greenholt','ac'),(3611,'Alessandro Shanahan','ac'),(3612,'Johnnie Mitchell','ac'),(3613,'Khalil Parisian II','ac'),(3614,'Fanny Schiller','ac'),(3615,'Prof. Louvenia Ebert','ac'),(3616,'Ericka Mills DVM','ac'),(3617,'Delta Schultz','ac'),(3618,'Celia Muller','ac'),(3619,'Joey Mayer Jr.','ac'),(3620,'Dr. Magnus Gutmann V','ac'),(3621,'Colton Carter','ac'),(3622,'Hailey Mann III','ac'),(3623,'Mr. Randal D\'Amore','ac'),(3624,'Laurence Hills','ac'),(3625,'Carli Roberts','ac'),(3626,'Salma Littel','ac'),(3627,'Ethel Ortiz','ac'),(3628,'Kellie Kuphal','ac'),(3629,'Ludie Kub','ac'),(3630,'Mrs. Burnice Kozey','ac'),(3631,'Dr. Phyllis Cormier','ac'),(3632,'Carolina Bergnaum','ac'),(3633,'Keara Bahringer','ac'),(3634,'Nyah Raynor','ac'),(3635,'Addie Quitzon','ac'),(3636,'Brad Willms','ac'),(3637,'Johnnie Quigley','ac'),(3638,'Wayne Skiles','ac'),(3639,'Garnett Stehr V','ac'),(3640,'Prof. Waldo Oberbrunner','ac'),(3641,'Ruben Bernier','ac'),(3642,'Ms. Beth Funk','ac'),(3643,'Kailey Schuppe','ac'),(3644,'Santiago Raynor','ac'),(3645,'Maureen Dooley','ac'),(3646,'Nyah Gutmann','ac'),(3647,'Muhammad Reynolds','ac'),(3648,'Ludwig McKenzie','ac'),(3649,'Weston Bins III','ac'),(3650,'Ulices Macejkovic','ac'),(3651,'Ms. Violette Ziemann DDS','ac'),(3652,'Lura Yost','ac'),(3653,'Darion Reichel','ac'),(3654,'Vivian Upton','ac'),(3655,'Mrs. Josie McDermott','ac'),(3656,'Madeline Ernser','ac'),(3657,'Dr. Vladimir Funk I','ac'),(3658,'Jody Klein','ac'),(3659,'Cesar Lang DVM','ac'),(3660,'Dr. Leann Crona','ac'),(3661,'Dr. Jordi Gleichner','ac'),(3662,'Shayna Von','ac'),(3663,'Miss Dasia Klein IV','ac'),(3664,'Dr. Brock Keebler','ac'),(3665,'Jacinthe Morar','ac'),(3666,'Prof. Evalyn Leuschke','ac'),(3667,'Miss Elsie Brakus Jr.','ac'),(3668,'Marisa Waelchi MD','ac'),(3669,'Danika Schroeder','ac'),(3670,'Deshaun Quigley','ac'),(3671,'Alessia Wehner','ac'),(3672,'Jasper Koss','ac'),(3673,'Aidan Johnson','ac'),(3674,'Raphaelle Graham','ac'),(3675,'Miss Yessenia Gerhold','ac'),(3676,'Lenny Toy','ac'),(3677,'Valentina Crooks','ac'),(3678,'Mitchell Rippin','ac'),(3679,'Linnea Gleason','ac'),(3680,'Johnson Crooks','ac'),(3681,'Daija Baumbach','ac'),(3682,'Mckenna Wiza','ac'),(3683,'Lelah Purdy','ac'),(3684,'Judge Paucek','ac'),(3685,'Ellie Heathcote','ac'),(3686,'Niko Gislason','ac'),(3687,'Lelah Hahn','ac'),(3688,'Daphnee Mayert','ac'),(3689,'Emie Grady MD','ac'),(3690,'Dayne Williamson','ac'),(3691,'Dr. Ephraim Morar IV','ac'),(3692,'Aurelio Harber','ac'),(3693,'Matteo Feil','ac'),(3694,'Milton Lehner','ac'),(3695,'Sonny Leffler','ac'),(3696,'Mabelle Tromp','ac'),(3697,'Prof. Eulah Wiegand','ac'),(3698,'Miss Danika Schumm','ac'),(3699,'Dr. Craig Brekke','ac'),(3700,'Summer Olson','ac'),(3701,'Reagan Kautzer','ac'),(3702,'Dr. Harmon Dickens MD','ac'),(3703,'Mr. Burley Romaguera','ac'),(3704,'London Hilpert','ac'),(3705,'Mrs. Aracely Schinner I','ac'),(3706,'Armand Deckow','ac'),(3707,'Mame Rawane','rp'),(3708,'Nils Donnelly','rp'),(3709,'Jimmy Franecki','etudiant'),(3710,'Miss Billie Sanford V','etudiant'),(3711,'Vance Rohan','etudiant'),(3712,'Dr. Aliza Bergnaum','etudiant'),(3713,'Karolann Fay MD','etudiant'),(3714,'Ilene Kovacek','etudiant'),(3715,'Osbaldo Cassin II','etudiant'),(3716,'Selena Rempel','etudiant'),(3717,'Anastasia Vandervort','etudiant'),(3718,'Mr. Vaughn Quitzon','etudiant'),(3719,'Mr. Nelson Cremin IV','etudiant'),(3720,'Hettie Torphy Sr.','etudiant'),(3721,'Haleigh Streich','etudiant'),(3722,'David Blick I','etudiant'),(3723,'Chadrick Torphy','etudiant'),(3724,'Adrianna Schowalter III','etudiant'),(3725,'Brady Berge PhD','etudiant'),(3726,'Christina Ankunding','etudiant'),(3727,'Dr. Gabriel Brown','etudiant'),(3728,'Isaias Jenkins','etudiant'),(3729,'Alvina Kuvalis','etudiant'),(3730,'Frederic Fisher','etudiant'),(3731,'William D\'Amore','etudiant'),(3732,'Birdie Brekke','etudiant'),(3733,'Rocky Brakus','etudiant'),(3734,'Rosario Crona','etudiant'),(3735,'Rory Beahan','etudiant'),(3736,'Alphonso O\'Conner','etudiant'),(3737,'Tiara Kertzmann','etudiant'),(3738,'Mr. Mathias Larkin II','etudiant'),(3739,'Dr. Hubert Miller III','etudiant'),(3740,'Elta Kuhn','etudiant'),(3741,'Dr. Greyson Rogahn','etudiant'),(3742,'Abigale Howe','etudiant'),(3743,'Joesph Kertzmann','etudiant'),(3744,'Mr. Dwight Gorczany Sr.','etudiant'),(3745,'Mr. Loy Corkery V','etudiant'),(3746,'Constance Blanda','etudiant'),(3747,'Bud Welch','etudiant'),(3748,'Mattie Conroy','etudiant'),(3749,'Mr. Erich Rolfson','etudiant'),(3750,'Jack Aufderhar DVM','etudiant'),(3751,'Colt Stoltenberg','etudiant'),(3752,'Shawn Legros V','etudiant'),(3753,'Jordane Abshire','etudiant'),(3754,'Godfrey Nicolas','etudiant'),(3755,'Prof. Art Nienow','etudiant'),(3756,'Durward West','etudiant'),(3757,'Kaylah Bogisich','etudiant'),(3758,'Jordi Block Sr.','etudiant'),(3759,'Vernie Hill III','etudiant'),(3760,'Angela Ratke','etudiant'),(3761,'Dr. Julia Shields','etudiant'),(3762,'Prof. Magdalen Howell DDS','etudiant'),(3763,'Ms. Liza Roberts Sr.','etudiant'),(3764,'Dr. Fausto Bins Sr.','etudiant'),(3765,'Miss Christiana Rolfson','etudiant'),(3766,'Mr. Timothy Runolfsson','etudiant'),(3767,'Audra Breitenberg III','etudiant'),(3768,'Dr. Tomas Runolfsson DVM','etudiant'),(3769,'Mertie D\'Amore','etudiant'),(3770,'Sidney Schumm','etudiant'),(3771,'Miss Marcia Skiles II','etudiant'),(3772,'Kristin Price','etudiant'),(3773,'Prof. Virginia Torp','etudiant'),(3774,'Prof. Rylee Denesik Jr.','etudiant'),(3775,'Jeffery Gaylord V','etudiant'),(3776,'Aliza Jacobs','etudiant'),(3777,'Willie Becker','etudiant'),(3778,'Boris Stehr','etudiant'),(3779,'Mr. Toni Jacobs Jr.','etudiant'),(3780,'Celia Romaguera Jr.','etudiant'),(3781,'Jettie Graham','etudiant'),(3782,'Mireya O\'Kon I','etudiant'),(3783,'Elisha Pfannerstill','etudiant'),(3784,'Prof. Cortney Breitenberg V','etudiant'),(3785,'Ms. Kathryne Jakubowski MD','etudiant'),(3786,'Dr. Verner Gusikowski','etudiant'),(3787,'Mrs. Thea Ondricka II','etudiant'),(3788,'Garett Rolfson','etudiant'),(3789,'Shea Goodwin PhD','etudiant'),(3790,'Lyla Medhurst Sr.','etudiant'),(3791,'Dr. Narciso Rempel','etudiant'),(3792,'Everett Zulauf I','etudiant'),(3793,'Gloria Nolan DVM','etudiant'),(3794,'Irwin Simonis','etudiant'),(3795,'Salma Hauck','etudiant'),(3796,'Howard Johnston','etudiant'),(3797,'Mariano Volkman','etudiant'),(3798,'Ramiro Cremin','etudiant'),(3799,'Everette Mraz I','etudiant'),(3800,'Adalberto Schamberger','etudiant'),(3801,'Rosalind Jenkins','etudiant'),(3802,'Ms. Glenda Lueilwitz Jr.','etudiant'),(3803,'Dr. Samir Hintz DVM','etudiant'),(3804,'Eula Maggio','etudiant'),(3805,'Gabrielle Keebler','etudiant'),(3806,'Dr. Rita Greenholt III','etudiant'),(3807,'Ena Kemmer','etudiant'),(3808,'Cordia Treutel I','etudiant'),(3809,'Oma Jones','etudiant'),(3810,'Thaddeus Schneider DVM','etudiant'),(3811,'Tamara Maggio','rp'),(3812,'Earlene Brakus','professeur'),(3813,'Asa Bergstrom','professeur'),(3814,'Garry Carroll','professeur'),(3815,'Carleton Schimmel','professeur'),(3816,'Afton Konopelski','professeur'),(3817,'Nikki O\'Kon','professeur'),(3818,'Maximilian Hackett','professeur'),(3819,'Tessie Murray','professeur'),(3820,'Danielle Ziemann','professeur'),(3821,'Assunta Willms','professeur'),(3822,'Allan Hettinger','professeur'),(3823,'Krystina Schultz','professeur'),(3824,'Cristobal Spencer','professeur'),(3825,'Roel Schiller','professeur'),(3826,'Ken Ernser','professeur'),(3827,'Matilda Deckow','professeur'),(3828,'Mortimer Harris','professeur'),(3829,'Karen Abbott','professeur'),(3830,'Mafalda Rowe','professeur'),(3831,'Tyree Spinka','professeur'),(3832,'Donny Smitham','professeur'),(3833,'Fiona Leffler','professeur'),(3834,'Alek Effertz','professeur'),(3835,'Ulises Spencer','professeur'),(3836,'Luisa Armstrong','professeur'),(3837,'Mattie Williamson','professeur'),(3838,'Travis Balistreri','professeur'),(3839,'Mason Harber','professeur'),(3840,'Caroline Cummerata','professeur'),(3841,'Josephine Botsford','professeur'),(3842,'Geo Kemmer','professeur'),(3843,'Ahmad Daniel','professeur'),(3844,'Demario Tremblay','professeur'),(3845,'Iva Hickle','professeur'),(3846,'Maude Tremblay','professeur'),(3847,'Else Douglas','professeur'),(3848,'Sylvia Kautzer','professeur'),(3849,'Felipa Gorczany','professeur'),(3850,'Ian McGlynn','professeur'),(3851,'Maurice Upton','professeur'),(3852,'Mallie Borer','professeur'),(3853,'Jessy Nikolaus','professeur'),(3854,'Abdul Stracke','professeur'),(3855,'Ayden Gerhold','professeur'),(3856,'Maverick Erdman','professeur'),(3857,'Lillie Cronin','professeur'),(3858,'Orland Stokes','professeur'),(3859,'Francis Goldner','professeur'),(3860,'Tyree Bode','professeur'),(3861,'Jettie Murray','professeur'),(3862,'Sister Grady','professeur'),(3863,'Maybelle Beer','professeur'),(3864,'Isabella Denesik','professeur'),(3865,'Sigrid Fisher','professeur'),(3866,'Precious Marks','professeur'),(3867,'Timothy Krajcik','professeur'),(3868,'Friedrich Stiedemann','professeur'),(3869,'Macey Hansen','professeur'),(3870,'Trystan McKenzie','professeur'),(3871,'Delbert Howell','professeur'),(3872,'Pat Rippin','professeur'),(3873,'Bryana Kassulke','professeur'),(3874,'Ali Abbott','professeur'),(3875,'Green Tremblay','professeur'),(3876,'Kelsi Mueller','professeur'),(3877,'Faustino Rice','professeur'),(3878,'Chase Cormier','professeur'),(3879,'Martin Farrell','professeur'),(3880,'Winnifred Ernser','professeur'),(3881,'Yesenia Reinger','professeur'),(3882,'Carmel Daugherty','professeur'),(3883,'Kip Pfeffer','professeur'),(3884,'Lysanne Cremin','professeur'),(3885,'Candido Hirthe','professeur'),(3886,'Bethel O\'Kon','professeur'),(3887,'Cary Crist','professeur'),(3888,'Tomas Nikolaus','professeur'),(3889,'Mortimer Langworth','professeur'),(3890,'Luella Purdy','professeur'),(3891,'Kurt Morar','professeur'),(3892,'Simone Hammes','professeur'),(3893,'Ashton Botsford','professeur'),(3894,'Jasen Romaguera','professeur'),(3895,'Claudine Satterfield','professeur'),(3896,'Nikko Kreiger','professeur'),(3897,'Troy Zulauf','professeur'),(3898,'Sharon Mills','professeur'),(3899,'Giovanni Pagac','professeur'),(3900,'Aric Williamson','professeur'),(3901,'Gregory Schuster','professeur'),(3902,'Desiree Kemmer','professeur'),(3903,'Erich Senger','professeur'),(3904,'Andre Maggio','professeur'),(3905,'Sage Bayer','professeur'),(3906,'Leonel Sipes','professeur'),(3907,'Kenya Champlin','professeur'),(3908,'Joannie Schulist','professeur'),(3909,'Favian Streich','professeur'),(3910,'Rosalyn McClure','professeur'),(3911,'Providenci D\'Amore','professeur'),(3912,'Lyla Maggio','professeur'),(3913,'Kellen Doyle','rp'),(3914,'Tressie Murray','rp'),(3915,'Romaine Kiehn','rp'),(3916,'Clare Hettinger','rp'),(3917,'Trent Fahey','rp'),(3918,'Berry Herman','rp'),(3919,'Merl Lind','rp'),(3920,'Jaydon Denesik','rp'),(3921,'Carlee Labadie','rp'),(3922,'Charley Kulas','rp');
/*!40000 ALTER TABLE `personne` ENABLE KEYS */;
UNLOCK TABLES;

--
-- Table structure for table `professeur`
--

DROP TABLE IF EXISTS `professeur`;
/*!40101 SET @saved_cs_client     = @@character_set_client */;
/*!50503 SET character_set_client = utf8mb4 */;
CREATE TABLE `professeur` (
  `id` int NOT NULL,
  `rp_id` int NOT NULL,
  `grade` varchar(50) COLLATE utf8mb4_unicode_ci NOT NULL,
  PRIMARY KEY (`id`),
  KEY `IDX_17A55299B70FF80C` (`rp_id`),
  CONSTRAINT `FK_17A55299B70FF80C` FOREIGN KEY (`rp_id`) REFERENCES `rp` (`id`),
  CONSTRAINT `FK_17A55299BF396750` FOREIGN KEY (`id`) REFERENCES `personne` (`id`) ON DELETE CASCADE
) ENGINE=InnoDB DEFAULT CHARSET=utf8mb4 COLLATE=utf8mb4_unicode_ci;
/*!40101 SET character_set_client = @saved_cs_client */;

--
-- Dumping data for table `professeur`
--

LOCK TABLES `professeur` WRITE;
/*!40000 ALTER TABLE `professeur` DISABLE KEYS */;
INSERT INTO `professeur` VALUES (3812,3811,'commodi'),(3813,3811,'iure'),(3814,3811,'at'),(3815,3811,'quaerat'),(3816,3811,'unde'),(3817,3811,'officiis'),(3818,3811,'perspiciatis'),(3819,3811,'quam'),(3820,3811,'expedita'),(3821,3811,'ut'),(3822,3811,'ipsum'),(3823,3811,'in'),(3824,3811,'exercitationem'),(3825,3811,'iste'),(3826,3811,'ullam'),(3827,3811,'ipsa'),(3828,3811,'eos'),(3829,3811,'quis'),(3830,3811,'neque'),(3831,3811,'alias'),(3832,3811,'temporibus'),(3833,3811,'numquam'),(3834,3811,'et'),(3835,3811,'iusto'),(3836,3811,'et'),(3837,3811,'dolor'),(3838,3811,'ut'),(3839,3811,'enim'),(3840,3811,'quia'),(3841,3811,'autem'),(3842,3811,'nesciunt'),(3843,3811,'ut'),(3844,3811,'ab'),(3845,3811,'ipsam'),(3846,3811,'ut'),(3847,3811,'itaque'),(3848,3811,'illum'),(3849,3811,'at'),(3850,3811,'repudiandae'),(3851,3811,'quos'),(3852,3811,'perspiciatis'),(3853,3811,'doloremque'),(3854,3811,'voluptatum'),(3855,3811,'veritatis'),(3856,3811,'pariatur'),(3857,3811,'ullam'),(3858,3811,'optio'),(3859,3811,'et'),(3860,3811,'tempora'),(3861,3811,'hic'),(3862,3811,'harum'),(3863,3811,'unde'),(3864,3811,'beatae'),(3865,3811,'alias'),(3866,3811,'labore'),(3867,3811,'sed'),(3868,3811,'sed'),(3869,3811,'iste'),(3870,3811,'est'),(3871,3811,'et'),(3872,3811,'corporis'),(3873,3811,'facere'),(3874,3811,'quia'),(3875,3811,'animi'),(3876,3811,'quis'),(3877,3811,'enim'),(3878,3811,'sequi'),(3879,3811,'corporis'),(3880,3811,'voluptatem'),(3881,3811,'aut'),(3882,3811,'quod'),(3883,3811,'libero'),(3884,3811,'non'),(3885,3811,'a'),(3886,3811,'accusamus'),(3887,3811,'maxime'),(3888,3811,'culpa'),(3889,3811,'dolor'),(3890,3811,'natus'),(3891,3811,'vitae'),(3892,3811,'ut'),(3893,3811,'laboriosam'),(3894,3811,'sunt'),(3895,3811,'enim'),(3896,3811,'harum'),(3897,3811,'est'),(3898,3811,'et'),(3899,3811,'ut'),(3900,3811,'occaecati'),(3901,3811,'sint'),(3902,3811,'odio'),(3903,3811,'quia'),(3904,3811,'temporibus'),(3905,3811,'pariatur'),(3906,3811,'aut'),(3907,3811,'veritatis'),(3908,3811,'nihil'),(3909,3811,'quia'),(3910,3811,'adipisci'),(3911,3811,'laboriosam'),(3912,3811,'et');
/*!40000 ALTER TABLE `professeur` ENABLE KEYS */;
UNLOCK TABLES;

--
-- Table structure for table `rp`
--

DROP TABLE IF EXISTS `rp`;
/*!40101 SET @saved_cs_client     = @@character_set_client */;
/*!50503 SET character_set_client = utf8mb4 */;
CREATE TABLE `rp` (
  `id` int NOT NULL,
  PRIMARY KEY (`id`),
  CONSTRAINT `FK_CD578B7BF396750` FOREIGN KEY (`id`) REFERENCES `personne` (`id`) ON DELETE CASCADE
) ENGINE=InnoDB DEFAULT CHARSET=utf8mb4 COLLATE=utf8mb4_unicode_ci;
/*!40101 SET character_set_client = @saved_cs_client */;

--
-- Dumping data for table `rp`
--

LOCK TABLES `rp` WRITE;
/*!40000 ALTER TABLE `rp` DISABLE KEYS */;
INSERT INTO `rp` VALUES (3707),(3708),(3811),(3913),(3914),(3915),(3916),(3917),(3918),(3919),(3920),(3921),(3922);
/*!40000 ALTER TABLE `rp` ENABLE KEYS */;
UNLOCK TABLES;

--
-- Table structure for table `user`
--

DROP TABLE IF EXISTS `user`;
/*!40101 SET @saved_cs_client     = @@character_set_client */;
/*!50503 SET character_set_client = utf8mb4 */;
CREATE TABLE `user` (
  `id` int NOT NULL,
  `email` varchar(180) COLLATE utf8mb4_unicode_ci NOT NULL,
  `password` varchar(255) COLLATE utf8mb4_unicode_ci NOT NULL,
  PRIMARY KEY (`id`),
  UNIQUE KEY `UNIQ_8D93D649E7927C74` (`email`),
  CONSTRAINT `FK_8D93D649BF396750` FOREIGN KEY (`id`) REFERENCES `personne` (`id`) ON DELETE CASCADE
) ENGINE=InnoDB DEFAULT CHARSET=utf8mb4 COLLATE=utf8mb4_unicode_ci;
/*!40101 SET character_set_client = @saved_cs_client */;

--
-- Dumping data for table `user`
--

LOCK TABLES `user` WRITE;
/*!40000 ALTER TABLE `user` DISABLE KEYS */;
INSERT INTO `user` VALUES (3606,'era.considine@hintz.com','7pw6#$KaoZ%agFv\'M4'),(3607,'sauer.bulah@haag.com','APx?Nydn/'),(3608,'dkozey@veum.info','),J\"t1s49gZk9?NC3'),(3609,'kfeil@hotmail.com','JZi_8>;|)7!|:I'),(3610,'jessy.walker@marvin.net','V(3f4brMjp}VBe'),(3611,'virginia.harris@gulgowski.com','>}\'ucxg3(LdzxWaqX'),(3612,'rolfson.carole@douglas.com','b:dZ\\hyk=>[X'),(3613,'fwitting@gmail.com','hz>y`d6M`r'),(3614,'ines86@gmail.com','.odmEU4T|EL^Hb'),(3615,'borer.grayson@cremin.info','IPpFDt\\8'),(3616,'swaniawski.kennedi@frami.net','TXV4GRZK\">\"5'),(3617,'westley99@yahoo.com','o+h.ovuL;-&[H\\<_L#u'),(3618,'bahringer.lucie@gmail.com','gKjZ|g]zOm&_0QneR'),(3619,'hilpert.ben@gmail.com','ey>r1zG>`6&Ch:dat3\\+'),(3620,'tiara40@huel.net','a!U#-vF\"xzUbHaTYA_Fv'),(3621,'hailie.wilderman@legros.com','[p3{^u$4K=uape+GrV'),(3622,'lupe.wolff@hudson.com','gl),J/z@SR!tj*=d'),(3623,'obaumbach@yahoo.com','5J}<bF7\\Kym'),(3624,'derick.torp@hotmail.com','QgkvT>pquzWefO'),(3625,'collin.volkman@daniel.com','U?b9aZ0i?Q8x.[|6nK;'),(3626,'nmoore@schimmel.org','2{NjOYu.'),(3627,'jodie.rosenbaum@yahoo.com','2OJ^ujY,OH`aX@cSr'),(3628,'deron52@west.com','jl6fEvz?SCM3VT~n-CcR'),(3629,'cole.stiedemann@kreiger.com','*$y@7,C{a:'),(3630,'lesley62@yahoo.com','b0]mUW?|\"PAJKSBk'),(3631,'dario83@hotmail.com','`q806r,Ewk\'i7'),(3632,'nestor98@bruen.com','\\Bv[\\Xl|0wvK\':9@kRo'),(3633,'velva.moore@gleichner.com','DH_1>@4mIlPdPK'),(3634,'yherzog@gmail.com','^t;OclD&.XgeaM:'),(3635,'svandervort@rau.com','Fu?G:FJ&1]0gj![MY'),(3636,'cruickshank.jovan@farrell.org','EN)^_8]:#f.,-<6o'),(3637,'luettgen.antonette@runolfsson.com','oT^^cW@K0]J#1mO(TF'),(3638,'murray.mario@yahoo.com','->gKo\\2!!$(3>^'),(3639,'vivian.johnston@christiansen.com','?hg{bVRl/$E5x;ClOl'),(3640,'grant.alex@schuster.biz','_xtm>#ed8P[Abi\"'),(3641,'jovanny.raynor@christiansen.biz','&#U@v{S*fcul^Rbv_Vz'),(3642,'wilhelm71@beer.net','98Tjf!N-Rz_AzgD5K7JM'),(3643,'armstrong.edmond@ritchie.info','n?%vKpVLq4m'),(3644,'marco18@dibbert.com','FZ>y(\'(LF9^%^3K~S'),(3645,'pagac.art@yahoo.com','QC(}fC_??tM6pK('),(3646,'enoch.ward@yahoo.com','I8p@Z\'!ilm\\p]hQ~l['),(3647,'thyatt@hotmail.com','*of2+,p`k8W5[Xg+R['),(3648,'stiedemann.manuel@yahoo.com','\"YONb,BNf]_'),(3649,'johanna55@haag.biz','jvDJuaefF7v2Wrry'),(3650,'turcotte.joshuah@abbott.com','O)-58tXhcWW^%ba}xCm'),(3651,'abernathy.vern@hansen.com',')$\\t&\\oa4n33'),(3652,'randal.morar@berge.com','gZWqr$e6Odo'),(3653,'briana83@yahoo.com',']HwvyRI\"rT+kuwof'),(3654,'annabel63@grimes.biz','$3w}!Ccy.O'),(3655,'ipagac@paucek.com','v\\e0_22hx!WSSb'),(3656,'dickens.salvatore@yahoo.com','|KG>W),Kj'),(3657,'kris.lon@gmail.com','eAZ}wGnVF8p:vU:=cq'),(3658,'ashleigh57@hotmail.com',';Bhp2Rth~'),(3659,'haley.kristoffer@hotmail.com','8#\\u=DuF%skBm'),(3660,'zgleason@hotmail.com','@)rMUv2}B:|wd'),(3661,'delores26@yahoo.com','LnG?P=f3'),(3662,'bauch.alexie@gmail.com','RB]f@FC50'),(3663,'missouri35@gmail.com','>Y(Yb_46I\",sS'),(3664,'cterry@hotmail.com','Sr,\"]gob.%V1qh$e'),(3665,'grunolfsson@hotmail.com','M\\W7:5K}['),(3666,'oconnell.dominique@yahoo.com','KYKmUMXpUk'),(3667,'matt.prosacco@cremin.com','b8_Q*2!9.\\T+'),(3668,'zryan@hotmail.com','#DyvoO=S`~i;'),(3669,'jordyn.farrell@collins.com','}fc86B*9U\'yKJ]Y*FQdE'),(3670,'rstrosin@barton.com','+\\5g\"<@-!ZPH4kFK#[.3'),(3671,'orie71@yahoo.com','V)DO[AnKA,/'),(3672,'carlie.paucek@cummerata.net','$3?Fbk~k!x[I]w6FH#'),(3673,'gfeest@hotmail.com','Zg5;m}pZ\"9rT1ClPY'),(3674,'ali41@sipes.com','~J1U8@9X^2:'),(3675,'anita.roberts@dubuque.com','#hj)|)+DS56;Y@1.oe|'),(3676,'ujakubowski@reynolds.com','&/Shw,NJ9H<m_gRu0HNs'),(3677,'gerson.auer@gmail.com','8gGG.E`Xt%\"HZS'),(3678,'smaggio@gmail.com','U3Vvr4\":f5Qp},'),(3679,'quinn58@kulas.info','Djtf0>|h'),(3680,'kwiegand@hotmail.com','-xh3]`BG<J'),(3681,'luettgen.mary@rodriguez.com','@OWTn5#DSu'),(3682,'maggio.virgie@yahoo.com','Pct)q)Ck2P'),(3683,'tamara07@boyle.com','`\\.l6O@G,{0XG93'),(3684,'chance.crooks@gmail.com','Ag!}jztdk2w'),(3685,'maximilian.gibson@morar.com','FL1kd96,8qt:'),(3686,'jan.cassin@hotmail.com','i(S6cu8.J'),(3687,'rwunsch@bartoletti.net','X?9rO=\\S'),(3688,'dach.michale@kovacek.org','?(6Jajfll2vzD<?'),(3689,'ardella.considine@bogan.info','^#]<w)SO~1^LWAIbTm)'),(3690,'lemke.rex@hotmail.com','y>hBy7(VhRR$t'),(3691,'wilhelmine.dickens@hilpert.com','&/2b(Z\\uUb0!};j'),(3692,'amueller@hotmail.com','GjDSoJlfVH.71z'),(3693,'funk.lucile@graham.com','Pbg}NV59JMtN*#Oqp|'),(3694,'madelyn.williamson@windler.com','\">VKUK[XJOx'),(3695,'thea.fritsch@gmail.com','@~}Rl84h%^dQ<LY=<'),(3696,'wthiel@homenick.info','pm2f$,hZ*Ff,*&5e'),(3697,'streich.sigrid@bins.com',':eAwi+>S8P2v'),(3698,'schoen.madelyn@powlowski.org','%cySj9]-qDT}0BP'),(3699,'foreilly@bailey.org','x6W0\"~$wU)L#qB'),(3700,'thompson.bret@yahoo.com',',9pN,G:mZ]th8>j'),(3701,'erdman.lorena@goldner.biz','MMMX>PM7BodY^'),(3702,'micheal00@hotmail.com','5u&PiDg\'/BG,'),(3703,'katheryn05@osinski.net','@t4N_h01[0IOJUJYmH]Z'),(3704,'carlotta.pouros@hotmail.com','m.!z=83vkm#$'),(3705,'erna68@yahoo.com','5lQ!r,;\"`4`7'),(3706,'emely10@schimmel.biz','0x4p{eNTC<'),(3707,'rawane@gmail.com','passer'),(3708,'lulu96@haag.com','d5jLS<FG-'),(3709,'nwyman@yahoo.com','Qvv*`H'),(3710,'rodolfo45@mohr.biz','l`dr{f:*x`b/Z!*B}X'),(3711,'lavada42@mills.net','ZXN2cd*G?5\'`u$aB'),(3712,'stiedemann.royce@padberg.org','>f&Q@Z=R.'),(3713,'chet.vonrueden@pfannerstill.com','*^61\'2)5e'),(3714,'qcruickshank@johnston.org','#>th)[XAZ>fhv'),(3715,'dewayne11@gmail.com','?M82^Z2.k#cv=('),(3716,'krajcik.dock@glover.com','{BxY<^9sEh5Zl\"D'),(3717,'mikayla.beer@gmail.com','j}\"F$wYx,9q!'),(3718,'aoberbrunner@hotmail.com','p_m3uT!%|)]TlRjlMPUb'),(3719,'mitchell.nash@nikolaus.com','I-BHdlAv'),(3720,'owehner@hotmail.com','}J}+\\C;Fh2\'N'),(3721,'qjacobs@yahoo.com','dpQ:a{!t6i3\"^x~onT<x'),(3722,'eichmann.nicole@lindgren.com','qJO|Bwn%'),(3723,'baron26@hotmail.com','>YV^kqW6'),(3724,'kassulke.bonita@robel.com','p2CbvjFnsnu'),(3725,'clint06@mcclure.com','\\lAIFsC]b_'),(3726,'btoy@hotmail.com','\\wK\'q7u1;'),(3727,'jamie.ledner@abernathy.com','R-Nah-ww%V'),(3728,'satterfield.teresa@cronin.com','XXKW,e%KvW!c.W3'),(3729,'koch.korey@gmail.com','b;f7SnHLiR1(,?x-P3o8'),(3730,'qbarton@orn.biz','j0QBCOEh'),(3731,'jwalter@parisian.com','2ce_9nh'),(3732,'kozey.mark@ondricka.biz','3cJAIce]<9)WsqVv'),(3733,'nmurray@gmail.com','?OGz#)+dk'),(3734,'meta.kuvalis@mclaughlin.com','ATGQVQ$W3\\'),(3735,'hobart.turcotte@yahoo.com','MazJKAmj0Nh2!\''),(3736,'goyette.marianne@gmail.com','`*D)|;l;a'),(3737,'pink87@rempel.com','u=#,&A&a7+'),(3738,'aditya.dietrich@gmail.com',';5Y=|-9nT]uX~Wt4Y}'),(3739,'lori.jerde@yahoo.com','y]~-?M'),(3740,'mertz.maximo@gmail.com','US\"Fp*f3N:Z'),(3741,'fheller@hegmann.com','iC(6RWi~L3\'g[B1\\%H:'),(3742,'yhills@yahoo.com',')^|[:#bfk=)W!+)y5Z'),(3743,'rahsaan97@yahoo.com','B?-a^fhxjI@'),(3744,'parker.isom@rogahn.com','C=>9f8j(Sqc}!NwK'),(3745,'parker.polly@hotmail.com',';)]Zn%S'),(3746,'cheyanne.thiel@hotmail.com','Lc\\M\\x1E'),(3747,'bschultz@hotmail.com','G\"_ejV3'),(3748,'kasey.leannon@yahoo.com','`f//C0At\",4,T-'),(3749,'delmer56@blick.com','?*?0wN,2s2?OuRT!\\'),(3750,'delpha.kling@yahoo.com','efl1)*o\"X=k5'),(3751,'kallie71@gmail.com','F2L7WR\\_3E|<Nn,v'),(3752,'terry.derick@stiedemann.org','Fa-;S4g][]:dgxY'),(3753,'dovie72@gmail.com','$QH#Mrac<25Ip'),(3754,'norberto.wilkinson@greenholt.com','E{_uT\'K)g\\]/j^'),(3755,'tlindgren@keeling.com','EF<<PX{dQyydwpoj'),(3756,'catherine.schamberger@spinka.net','3DO^z\'%'),(3757,'carmelo78@west.com','T6OaTSK}y{_I8w%/@v6\"'),(3758,'carter.damaris@sporer.com','A<K%9o|jXW'),(3759,'steuber.mallory@hotmail.com','RSo~4P4Qs}Z@hD\\V3r'),(3760,'mitchell16@graham.biz','!ZiXrFw|Y[&'),(3761,'strosin.lyda@gmail.com','v!Oj&06SxYT?eG?Y~*@Z'),(3762,'brakus.buddy@hauck.info','A1YsC{GY'),(3763,'ian.moore@erdman.info','Uop!;iVN'),(3764,'tiffany.jerde@hintz.com','@[&aR^90P=+I\'j<e@^'),(3765,'robert.jenkins@yahoo.com','`|X)]H\\'),(3766,'hillary91@hotmail.com','<t]3#j#+b'),(3767,'mitchell.gudrun@hotmail.com','EW|y\"?syK'),(3768,'harris.aniya@hotmail.com','$*z>;AI@Cmu78-djd^o$'),(3769,'yanderson@gmail.com','|9mL(M'),(3770,'kennedi.waelchi@reilly.org','t2#/S.Yn#3'),(3771,'medhurst.odell@smitham.net','VIU\\3k'),(3772,'dnader@schuppe.com','he5\'8=&]O>'),(3773,'aylin.dubuque@batz.com','1\'l!k$'),(3774,'opal51@hotmail.com','->>SjN'),(3775,'taltenwerth@kris.biz','mY_q(:!X<bx'),(3776,'block.ward@mcglynn.org','h.gMjRM\"M'),(3777,'rosanna37@koss.com','d];ev~R`'),(3778,'addie54@volkman.info','RtUV3(u@UfX`i3)`_'),(3779,'angus.cartwright@gmail.com',',9aF37Fa`lh?9aJ'),(3780,'abdiel75@feil.net','*#L;@hG(]Rf'),(3781,'mklein@schaefer.info','yiVd$c#8S'),(3782,'lindsey.buckridge@yahoo.com','&@mnKffNx]'),(3783,'ramon10@gmail.com','4)|S4)@YKLiKauc=Dom'),(3784,'schmeler.fred@gmail.com','Kd;yV7_]dX'),(3785,'micheal43@hotmail.com',';o4.V6g3EP25-CE3'),(3786,'labadie.lucious@weimann.com','bB0#?!MKNhh,<fY1F\"@a'),(3787,'wilburn28@brakus.com','D[G+;NB;x]'),(3788,'edmund.turner@hotmail.com','Pe{63lx7,8./'),(3789,'maeve.corkery@gmail.com','mT)L!`~c#>W>2'),(3790,'robel.shyann@bode.com','sUPx#&BV7|m=W{'),(3791,'fannie93@hotmail.com','<aS[Z3\"\"&I2y$3A2nO'),(3792,'zjacobs@lemke.info','$zlmg{E5'),(3793,'beau49@cassin.net','\\qnmYaN:j'),(3794,'sbecker@hotmail.com','g}Q^mP)+5RXDY'),(3795,'faltenwerth@gmail.com','\"pHYRe'),(3796,'loyal.dare@rowe.com','1@oDq2Wp`b{Sx'),(3797,'vpowlowski@yahoo.com','u\'y?:ZvrOn?,i(jj^XCW'),(3798,'gus36@corkery.net','wH1;.<%nwTlO[CTJG%?'),(3799,'hamill.neil@williamson.com','t%Jq8N=u)B4ZrZX7<[c'),(3800,'reece09@wiza.com','[b\'><`]LNI'),(3801,'reese30@robel.biz','Hgp:nz>)bF3mvyL[5f'),(3802,'lynn.koepp@fahey.com','-+FYgs*E3xa>q3z}$2'),(3803,'littel.mateo@hauck.com','B~t^@*UTJn<k7j0Pg\'I'),(3804,'chance82@gmail.com','rR[*&XbiWFC~B>cH`VO'),(3805,'roberts.hilario@feeney.net','XV3KTXao\\hx(U$RxxyB.'),(3806,'jjaskolski@hotmail.com','C<T&BO'),(3807,'gaufderhar@yahoo.com','&r9%hXW_9\';'),(3808,'ybreitenberg@yahoo.com','{uK/;(A(n0Qls'),(3809,'orogahn@hotmail.com','Wcee\'<'),(3810,'meaghan.miller@gmail.com','|7\\TcoEPj*kM8\'t\\='),(3811,'ybernier@yahoo.com','g8VFIj]]'),(3913,'labadie.rae@gmail.com','wX=\"cEH`'),(3914,'tromp.mina@hotmail.com','\\ySf5l$?Ykx'),(3915,'wuckert.jessy@yahoo.com','LBr&0z'),(3916,'courtney.carroll@gmail.com','dEn:>p\".$eG3]E'),(3917,'xhane@yahoo.com',';ekfD-uRDa-X[q_U<gCz'),(3918,'ward.verdie@hotmail.com','l|TT*K4?6?J^:&}|=+wH'),(3919,'friesen.bria@grant.org','IGvl6\\d\'B7a$'),(3920,'kendall.koch@hotmail.com','>\'n#\\}T^Gq'),(3921,'dubuque.rhett@schimmel.com','3!GV))]:hJK19P~h<Y'),(3922,'weber.fidel@aufderhar.com','_%aIm8X{');
/*!40000 ALTER TABLE `user` ENABLE KEYS */;
UNLOCK TABLES;
/*!40103 SET TIME_ZONE=@OLD_TIME_ZONE */;

/*!40101 SET SQL_MODE=@OLD_SQL_MODE */;
/*!40014 SET FOREIGN_KEY_CHECKS=@OLD_FOREIGN_KEY_CHECKS */;
/*!40014 SET UNIQUE_CHECKS=@OLD_UNIQUE_CHECKS */;
/*!40101 SET CHARACTER_SET_CLIENT=@OLD_CHARACTER_SET_CLIENT */;
/*!40101 SET CHARACTER_SET_RESULTS=@OLD_CHARACTER_SET_RESULTS */;
/*!40101 SET COLLATION_CONNECTION=@OLD_COLLATION_CONNECTION */;
/*!40111 SET SQL_NOTES=@OLD_SQL_NOTES */;

-- Dump completed on 2022-06-04 12:27:42
